Harare|Zimbabwe|
NewYork|UnitedStates|
London|UnitedKingdom|
BuenosAires|Argentina|
Shanghai|China|
Moscow|Russia|
NewDelhi|India|
Sydney|Australia|
LosAngeles|UnitedStates|
Istanbul|Turkey|
Lagos|Nigeria|
Honolulu|UnitedStates|
Cairo|Egypt|
Beijing|China|
SaoPaulo|Brazil|
MexicoCity|Mexico|
Atlanta|UnitedStates|
Dubai|UnitedArabEmirates|
Tokyo|Japan|
Chicago|UnitedStates|
HongKong|China|
Paris|France|
Dallas|UnitedStates|
Amsterdam|Netherlands|
Frankfurt|Germany|
Singapore|Singapore|
Denver|UnitedStates|
Seoul|SouthKorea|
Bangkok|Thailand|
Jakarta|Indonesia|
SanFrancisco|UnitedStates|
KualaLumpur|Malaysia|
Madrid|Spain|
Casablanca|Morocco|
Johannesburg|SouthAfrica|
CapeTown|SouthAfrica|
AddisAbaba|Ethiopia|
Algiers|Algeria|
Bogota|Colombia|
Santiago|Chile|
Lima|Peru|
Brasilia|Brazil|
RiodeJaneiro|Brazil|
Caracas|Venezuela|
Toronto|Canada|
Vancouver|Canada|
Chengdu|China|
Rome|Italy|
Astana|Kazakhstan|
Guangzhou|China|
Antananarivo|Madagascar|
Irkutsk|Russia|
Vienna|Austria|
StPetersburg|Russia|
Warsaw|Poland|
Kiev|Ukraine|
Tbilisi|Georgia|
Berlin|Germany|
Dublin|Ireland|
Mumbai|India|
Chennai|India|
Urumqi|China|
Alert|Canada|
Edinburgh|UnitedKingdom|
Manchester|UnitedKingdom|
Birmingham|UnitedKingdom|
Newcastle|UnitedKingdom|
Aberdeen|UnitedKingdom|
Belfast|UnitedKingdom|
Bristol|UnitedKingdom|
Shetland|UnitedKingdom|
Limerick|Ireland|
Cork|Ireland|
Stornoway|UnitedKingdom|
Cornwall|UnitedKingdom|
Cardiff|UnitedKingdom|
Southampton|UnitedKingdom|
Inverness|UnitedKingdom|
IsleofMan|UnitedKingdom|
Jersey|UnitedKingdom|
Norwich|UnitedKingdom|
Liverpool|UnitedKingdom|
Leeds|UnitedKingdom|
Guernsey|UnitedKingdom|
Reykjavik|Iceland|
Akureyri|Iceland|
Glasgow|UnitedKingdom|
Nadi|Fiji|
Philadelphia|UnitedStates|
Vladivostok|Russia|
Petropavlovsk|Russia|
Anchorage|UnitedStates|
Nuuk|Greenland|
Brussels|Belgium|
Faroe|Denmark|
Luxembourg|Luxembourg|
Munich|Germany|
Dusseldorf|Germany|
Hamburg|Germany|
Cologne|Germany|
Stuttgart|Germany|
Hannover|Germany|
Nuremburg|Germany|
Bremen|Germany|
Hahn|Germany|
Leipzig|Germany|
Dresden|Germany|
Rostock|Germany|
Munster|Germany|
Memmingen|Germany|
Dortmund|Germany|
Karlsruhe|Germany|
Groningen|Netherlands|
Rotterdam|Netherlands|
Eindhoven|Netherlands|
Paderborn|Germany|
Erfurt|Germany|
Zurich|Switzerland|
Geneva|Switzerland|
Bern|Switzerland|
Liege|Belgium|
Nice|France|
Mulhouse|France|
Lyon|France|
Marseille|France|
Toulouse|France|
Bordeaux|France|
Nantes|France|
Beauvais|France|
Lille|France|
Montpellier|France|
Tours|France|
Ajaccio|France|
Strasbourg|France|
Bastia|France|
Biarritz|France|
Brest|France|
Rennes|France|
ClermontFerrand|France|
Limoges|France|
Dijon|France|
Barcelona|Spain|
Palma|Spain|
Malaga|Spain|
Alicante|Spain|
GranCanaria|Spain|
Tenerife|Spain|
Ibiza|Spain|
Lanzarote|Spain|
Valencia|Spain|
Sevilla|Spain|
Bilbao|Spain|
Menorca|Spain|
SantiagodeCompostela|Spain|
Girona|Spain|
Zaragoza|Spain|
Leon|Spain|
Valladolid|Spain|
Almeria|Spain|
Lisbon|Portugal|
Porto|Portugal|
Faro|Portugal|
PontaDelgada|Portugal|
Madeira|Portugal|
Horta|Portugal|
Milan|Italy|
Bergamo|Italy|
Venice|Italy|
Catania|Italy|
Bologna|Italy|
Palermo|Italy|
Naples|Italy|
Pisa|Italy|
Bari|Italy|
Turin|Italy|
Cagliari|Italy|
Olbia|Italy|
Lamezia|Italy|
Florence|Italy|
Brindisi|Italy|
Ancona|Italy|
Genoa|Italy|
Trieste|Italy|
Innsbruck|Austria|
Salzburg|Austria|
Graz|Austria|
Prague|Czechia|
Brno|Czechia|
Danzig|Poland|
Krakow|Poland|
Katowice|Poland|
Stettin|Poland|
Poznan|Poland|
Wroclaw|Poland|
Lublin|Poland|
Bydgoszcz|Poland|
Bratislava|Slovakia|
Kosice|Slovakia|
Budapest|Hungary|
Debrecen|Hungary|
Copenhagen|Denmark|
Billund|Denmark|
Aalborg|Denmark|
Bornholm|Denmark|
Kaliningrad|Russia|
Aland|Finland|
Helsinki|Finland|
Stockholm|Sweden|
Oslo|Norway|
Ljubljana|Slovenia|
Zagreb|Croatia|
Split|Croatia|
Dubrovnik|Croatia|
Sarajevo|Bosnia|
Belgrade|Serbia|
Pristina|Kosovo|
Sofia|Bulgaria|
Burgas|Bulgaria|
Varna|Bulgaria|
Tirana|Albania|
Skopje|Macedonia|
Athens|Greece|
Heraklion|Greece|
Thessaloniki|Greece|
Rhodes|Greece|
Corfu|Greece|
Kos|Greece|
Santorini|Greece|
Zakynthos|Greece|
Mykonos|Greece|
Mytilene|Greece|
Bucharest|Romania|
ClujNapoca|Romania|
Timisoara|Romania|
Craiova|Romania|
Iasi|Romania|
Sibiu|Romania|
Chisinau|Moldova|
Odessa|Ukraine|
Zaporizhia|Ukraine|
Sevastopol|Ukraine|
Kharkiv|Ukraine|
Lviv|Ukraine|
Minsk|Belarus|
Vilnius|Lithuania|
Kaunas|Lithuania|
Klaipeda|Lithuania|
Riga|Latvia|
Tallinn|Estonia|
Gothenburg|Sweden|
Bergen|Norway|
Trondheim|Norway|
Stavanger|Norway|
Tromso|Norway|
Malmo|Sweden|
Lulea|Sweden|
Umea|Sweden|
Visby|Sweden|
Ostersund|Sweden|
Kiruna|Sweden|
Oulu|Finland|
Rovaniemi|Finland|
Turku|Finland|
Vaasa|Finland|
Kuopio|Finland|
Bodo|Norway|
Alesund|Norway|
Kristiansand|Norway|
Longyearbyen|Norway|
Dakhla|Morocco|
Sochi|Russia|
Yekaterinburg|Russia|
Novosibirsk|Russia|
Krasnodar|Russia|
Ufa|Russia|
Rostov|Russia|
Samara|Russia|
Kazan|Russia|
Krasnoyarsk|Russia|
Khabarovsk|Russia|
Tyumen|Russia|
Surgut|Russia|
Anapa|Russia|
Makhachkala|Russia|
Volgograd|Russia|
Sakhalin|Russia|
Yakutsk|Russia|
NizhnyNovgorod|Russia|
Omsk|Russia|
Arkhangelsk|Russia|
Murmansk|Russia|
Rogachevo|Russia|
Orenburg|Russia|
Voronezh|Russia|
Saratov|Russia|
Norilsk|Russia|
Mirny|Russia|
NovyUrengoy|Russia|
Syktyvkar|Russia|
Usinsk|Russia|
Cherepovets|Russia|
Khatanga|Russia|
Chersky|Russia|
Magadan|Russia|
Blagoveshchensk|Russia|
Sabetta|Russia|
Chita|Russia|
Perm|Russia|
Stavropol|Russia|
Vladikavkaz|Russia|
Astrakhan|Russia|
Salekhard|Russia|
Anadyr|Russia|
Cincinnati|UnitedStates|
Texarkana|UnitedStates|
Antalya|Turkey|
Ankara|Turkey|
Izmir|Turkey|
Adana|Turkey|
Dalaman|Turkey|
Bodrum|Turkey|
Trabzon|Turkey|
Gaziantep|Turkey|
Diyarbakir|Turkey|
Kayseri|Turkey|
Samsun|Turkey|
Van|Turkey|
Antakya|Turkey|
Erzurum|Turkey|
Konya|Turkey|
Malatya|Turkey|
Denizli|Turkey|
Kutahya|Turkey|
Kars|Turkey|
Alexandroupoli|Greece|
Nicosia|Cyprus|
Cayenne|France|
Tahiti|France|
LasVegas|UnitedStates|
Seattle|UnitedStates|
Miami|UnitedStates|
Charlotte|UnitedStates|
Phoenix|UnitedStates|
Orlando|UnitedStates|
Detroit|UnitedStates|
Houston|UnitedStates|
Newark|UnitedStates|
Minneapolis|UnitedStates|
Boston|UnitedStates|
FortLauderdale|UnitedStates|
Baltimore|UnitedStates|
Washington|UnitedStates|
SaltLakeCity|UnitedStates|
SanDiego|UnitedStates|
Tampa|UnitedStates|
Havana|Cuba|
SantiagodeCuba|Cuba|
Bermuda|Bermuda|
Montreal|Canada|
Calgary|Canada|
Edmonton|Canada|
Ottawa|Canada|
Winnipeg|Canada|
Halifax|Canada|
Kelowna|Canada|
Quebec|Canada|
StJohns|Canada|
Saskatoon|Canada|
Regina|Canada|
ThunderBay|Canada|
FortMcMurray|Canada|
Yellowknife|Canada|
PrinceGeorge|Canada|
Whitehorse|Canada|
Iqaluit|Canada|
RankinInlet|Canada|
Fredericton|Canada|
DeerLake|Canada|
Charlottetown|Canada|
Churchill|Canada|
Moosonee|Canada|
Kuujjuaq|Canada|
Inuvik|Canada|
Beirut|Lebanon|
Aleppo|Syria|
Damascus|Syria|
TelAviv|Israel|
Amman|Jordan|
PortlandOregon|UnitedStates|
PortlandMaine|UnitedStates|
StLouis|UnitedStates|
Nashville|UnitedStates|
Austin|UnitedStates|
NewOrleans|UnitedStates|
Raleigh|UnitedStates|
KansasCity|UnitedStates|
Sacramento|UnitedStates|
SanAntonio|UnitedStates|
FortMyers|UnitedStates|
Indianapolis|UnitedStates|
Cleveland|UnitedStates|
Columbus|UnitedStates|
Kahului|UnitedStates|
Hartford|UnitedStates|
Milwaukee|UnitedStates|
Jacksonville|UnitedStates|
Albuquerque|UnitedStates|
Buffalo|UnitedStates|
Omaha|UnitedStates|
Louisville|UnitedStates|
Knoxville|UnitedStates|
CharlestonWestVirginia|UnitedStates|
CharlestonSouthCarolina|UnitedStates|
Pittsburgh|UnitedStates|
Richmond|UnitedStates|
Norfolk|UnitedStates|
Wilmington|UnitedStates|
Tallahassee|UnitedStates|
Mobile|UnitedStates|
BirminghamAlabama|UnitedStates|
Columbia|UnitedStates|
Syracuse|UnitedStates|
Albany|UnitedStates|
Burlington|UnitedStates|
Harrisburg|UnitedStates|
Savannah|UnitedStates|
Memphis|UnitedStates|
Peoria|UnitedStates|
DesMoines|UnitedStates|
CedarRapids|UnitedStates|
Springfield|UnitedStates|
OklahomaCity|UnitedStates|
Midland|UnitedStates|
ElPaso|UnitedStates|
Lubbock|UnitedStates|
Amarillo|UnitedStates|
McAllen|UnitedStates|
Jackson|UnitedStates|
Wichita|UnitedStates|
SaultSteMarie|Canada|
GreenBay|UnitedStates|
Duluth|UnitedStates|
SiouxFalls|UnitedStates|
LittleRock|UnitedStates|
Fargo|UnitedStates|
Bismarck|UnitedStates|
RapidCity|UnitedStates|
GrandJunction|UnitedStates|
Fresno|UnitedStates|
Bakersfield|UnitedStates|
Eureka|UnitedStates|
SantaBarbara|UnitedStates|
Monterey|UnitedStates|
Mexicali|Mexico|
Reno|UnitedStates|
Elko|UnitedStates|
Tucson|UnitedStates|
Flagstaff|UnitedStates|
Yellowstone|UnitedStates|
Casper|UnitedStates|
Boise|UnitedStates|
Billings|UnitedStates|
Kalispell|UnitedStates|
Missoula|UnitedStates|
Eugene|UnitedStates|
Medford|UnitedStates|
Spokane|UnitedStates|
Kennewick|UnitedStates|
Fairbanks|UnitedStates|
Juneau|UnitedStates|
Barrow|UnitedStates|
Nome|UnitedStates|
Unalaska|UnitedStates|
Osaka|Japan|
Fukuoka|Japan|
Sapporo|Japan|
Okinawa|Japan|
Nagoya|Japan|
Kagoshima|Japan|
Kumamoto|Japan|
Sendai|Japan|
Nagasaki|Japan|
Matsuyama|Japan|
Hiroshima|Japan|
Ishigaki|Japan|
Oita|Japan|
Niigata|Japan|
Komatsu|Japan|
Takamatsu|Japan|
Hakodate|Japan|
Miyakojima|Japan|
KochiShikoku|Japan|
Akita|Japan|
Matsumoto|Japan|
Tottori|Japan|
Kitami|Japan|
Hilo|UnitedStates|
Shenzhen|China|
Kunming|China|
Xian|China|
Chongqing|China|
Hangzhou|China|
Nanjing|China|
Xiamen|China|
Zhengzhou|China|
Changsha|China|
Qingdao|China|
Wuhan|China|
Haikou|China|
Tianjin|China|
Sanya|China|
Harbin|China|
Guiyang|China|
Dalian|China|
Shenyang|China|
Jinan|China|
Nanning|China|
Lanzhou|China|
Fuzhou|China|
Taiyuan|China|
Changchun|China|
Nanchang|China|
Hohhot|China|
Shijiazhuang|China|
Ningbo|China|
Wenzhou|China|
Zhuhai|China|
Hefei|China|
Yinchuan|China|
Giulin|China|
Lijiang|China|
Wuxi|China|
Yantai|China|
Xining|China|
Quanzhou|China|
Shantou|China|
Xishuangbanna|China|
Lhasa|China|
Mianyang|China|
Oakland|UnitedStates|
Taipei|Taiwan|
Kaohsiung|Taiwan|
Taichung|Taiwan|
Hailar|China|
Changzhou|China|
Baotou|China|
Kashgar|China|
Weihai|China|
Yichang|China|
Jiuzhaigou|China|
Zhangjiajie|China|
Xuzhou|China|
Linyi|China|
Chifeng|China|
Yuncheng|China|
Dehong|China|
Jiuquan|China|
Nanyang|China|
Weifang|China|
Changzhi|China|
Yanchang|China|
Luzhou|China|
Zhanjiang|China|
Jining|China|
Fuyang|China|
XilinGol|China|
Ulanhot|China|
Huangshan|China|
Tianshui|China|
Yulin|China|
Nanchong|China|
Ganzhou|China|
Pyongyang|NorthKorea|
Busan|SouthKorea|
Jeju|SouthKorea|
Gwangju|SouthKorea|
Daegu|SouthKorea|
Melbourne|Australia|
Brisbane|Australia|
Perth|Australia|
Adelaide|Australia|
GoldCoast|Australia|
Cairns|Australia|
Canberra|Australia|
Hobart|Australia|
Darwin|Australia|
AliceSprings|Australia|
Karratha|Australia|
Mackay|Australia|
Auckland|NewZealand|
Christchurch|NewZealand|
Wellington|NewZealand|
Queenstown|NewZealand|
Napier|NewZealand|
Noumea|France|
PortVila|Vanuatu|
Nukualofa|Tonga|
Funafuti|Tuvalu|
Apia|Samoa|
Rarotonga|CookIslands|
RapaNui|Chile|
Honiara|SolomonIslands|
Majuro|MarshallIslands|
Kiritimati|Kiribati|
Tarawa|Kiribati|
Pohnpei|Micronesia|
Chuuk|Micronesia|
Guam|UnitedStates|
Koror|Palau|
PortMoresby|PapuaNewGuinea|
Makassar|Indonesia|
Bali|Indonesia|
Surabaya|Indonesia|
Medan|Indonesia|
Yogyakarta|Indonesia|
Balikpapan|Indonesia|
Batam|Indonesia|
Semarang|Indonesia|
Palembang|Indonesia|
Bandung|Indonesia|
Padang|Indonesia|
Banjarmasin|Indonesia|
Pontianak|Indonesia|
Pekanbaru|Indonesia|
Lombok|Indonesia|
Manado|Indonesia|
Jayapura|Indonesia|
Kupang|Indonesia|
Ambon|Indonesia|
Aceh|Indonesia|
Tarakan|Indonesia|
Manokwari|Indonesia|
Merauke|Indonesia|
Manila|Philippines|
Cebu|Philippines|
Davao|Philippines|
Kalibo|Philippines|
Zamboanga|Philippines|
PuertoPrincesa|Philippines|
Tuguegarao|Philippines|
Legazpi|Philippines|
Iloilo|Philippines|
CagayandeOro|Philippines|
Angeles|Philippines|
KotaKinabalu|Malaysia|
Kuching|Malaysia|
JohorBahru|Malaysia|
Miri|Malaysia|
Penang|Malaysia|
Langkawi|Malaysia|
KotaBharu|Malaysia|
Sibu|Malaysia|
Sampit|Indonesia|
BandarSeriBegawan|Brunei|
HoChiMinh|Vietnam|
Hanoi|Vietnam|
DaNang|Vietnam|
NhaTrang|Vietnam|
Vinh|Vietnam|
PhuQuoc|Vietnam|
Pleiku|Vietnam|
PhnomPenh|Cambodia|
SiemReap|Cambodia|
Vientiane|Laos|
LuangPrabang|Laos|
Phuket|Thailand|
ChiangMai|Thailand|
Songkhla|Thailand|
Krabi|Thailand|
SuratThani|Thailand|
UdonThani|Thailand|
KoSamui|Thailand|
UbonRatchathani|Thailand|
Rayong|Thailand|
Phitsanulok|Thailand|
Naypyidaw|Myanmar|
Mandalay|Myanmar|
Yangon|Myanmar|
Sittwe|Myanmar|
Dawei|Myanmar|
Bengaluru|India|
Kolkata|India|
Hyderabad|India|
Ahmedabad|India|
Pune|India|
Goa|India|
Jaipur|India|
Lucknow|India|
Guwahati|India|
Thiruvananthapuram|India|
Bhubaneswar|India|
Kozhikode|India|
Patna|India|
Visakhapatnam|India|
Srinagar|India|
Coimbatore|India|
Indore|India|
Mangaluru|India|
Siliguri|India|
Nagpur|India|
Chandigarh|India|
Varanasi|India|
Ranchi|India|
Raipur|India|
PortBlair|India|
Tiruchirappalli|India|
Jammu|India|
Madurai|India|
Agartala|India|
Udaipur|India|
Dehradun|India|
Vadodara|India|
Imphal|India|
Vijayawada|India|
Bhopal|India|
Leh|India|
Surat|India|
Aurangabad|India|
Dibrugarh|India|
Jodhpur|India|
Rajkot|India|
Dhaka|Bangladesh|
Chittagong|Bangladesh|
Kochi|India|
Thimphu|Bhutan|
Kathmandu|Nepal|
Karachi|Pakistan|
Islamabad|Pakistan|
Lahore|Pakistan|
Quetta|Pakistan|
Multan|Pakistan|
Faisalabad|Pakistan|
Peshawar|Pakistan|
Kabul|Afghanistan|
Kandahar|Afghanistan|
Herat|Afghanistan|
Ashgabat|Turkmenistan|
Dushanbe|Tajikistan|
Bishkek|Kyrgyzstan|
Osh|Kyrgyzstan|
Tashkent|Uzbekistan|
Almaty|Kazakhstan|
Aktau|Kazakhstan|
Dashoguz|Turkmenistan|
Samarkand|Uzbekistan|
Batumi|Georgia|
Yerevan|Armenia|
Nakhchivan|Azerbaijan|
Baku|Azerbaijan|
Ganja|Azerbaijan|
Tehran|Iran|
Mashhad|Iran|
Shiraz|Iran|
Ahvaz|Iran|
Kish|Iran|
Isfahan|Iran|
Tabriz|Iran|
BandarAbbas|Iran|
Kerman|Iran|
Yazd|Iran|
Kermanshah|Iran|
Zahedan|Iran|
Baghdad|Iraq|
Erbil|Iraq|
Basra|Iraq|
Kuwait|Kuwait|
Dammam|SaudiArabia|
Jeddah|SaudiArabia|
Riyadh|SaudiArabia|
Medina|SaudiArabia|
Buraidah|SaudiArabia|
Tabuk|SaudiArabia|
Abha|SaudiArabia|
Manama|Bahrain|
Doha|Qatar|
AbuDhabi|UnitedArabEmirates|
AlAin|UnitedArabEmirates|
Muscat|Oman|
Salalah|Oman|
Sanaa|Yemen|
Aden|Yemen|
Colombo|SriLanka|
Male|Maldives|
Gan|Maldives|
Ulaanbaatar|Mongolia|
Nairobi|Kenya|
Durban|SouthAfrica|
Tunis|Tunisia|
Abuja|Nigeria|
Marrakesh|Morocco|
PortLouis|Mauritius|
Khartoum|Sudan|
Hurghada|Egypt|
Alexandria|Egypt|
DaresSalaam|Tanzania|
Accra|Ghana|
Reunion|France|
Dakar|Senegal|
Abidjan|IvoryCoast|
SharmElSheikh|Egypt|
Oran|Algeria|
PortElizabeth|SouthAfrica|
Kampala|Uganda|
Agadir|Morocco|
Mombasa|Kenya|
Djerba|Tunisia|
Lusaka|Zambia|
Mahe|Seychelles|
PortHarcourt|Nigeria|
Zanzibar|Tanzania|
Brazzaville|Congo|
Libreville|Gabon|
Sal|CapeVerde|
Douala|Cameroon|
Fez|Morocco|
Maputo|Mozambique|
Rabat|Morocco|
Gibraltar|Gibraltar|
Tangier|Morocco|
PointeNoire|Congo|
Kinshasa|DRCongo|
EastLondon|SouthAfrica|
Monastir|Tunisia|
Arusha|Tanzania|
Windhoek|Namibia|
Lome|Togo|
George|SouthAfrica|
Tamanrasset|Algeria|
Ouargla|Algeria|
Adrar|Algeria|
Tindouf|Algeria|
Annaba|Algeria|
Tripoli|Libya|
Benghazi|Libya|
Sabha|Libya|
AlJawf|Libya|
Luxor|Egypt|
Asyut|Egypt|
Aswan|Egypt|
NDjamena|Chad|
Niamey|Niger|
FayaLargeau|Chad|
Agadez|Niger|
Bamako|Mali|
Timbuktu|Mali|
Nouakchott|Mauritania|
Banjul|Gambia|
Bissau|GuineaBissau|
Conakry|Guinea|
Freetown|SierraLeone|
Monrovia|Liberia|
Ouagadougou|BurkinaFaso|
Kumasi|Ghana|
Yamoussoukro|IvoryCoast|
Kano|Nigeria|
Sokoto|Nigeria|
Enugu|Nigeria|
Cotonou|Benin|
Parakou|Benin|
Kaduna|Nigeria|
Benin|Nigeria|
Ibadan|Nigeria|
Jos|Nigeria|
Maiduguri|Nigeria|
Yaounde|Cameroon|
Malabo|Guinea|
Luanda|Angola|
Mocamedes|Angola|
Menongue|Angola|
Malanje|Angola|
Lubumbashi|DRCongo|
Bangui|CentralAfricanRepublic|
Juba|SouthSudan|
Nyala|Sudan|
PortSudan|Sudan|
Dongola|Sudan|
Mbandaka|DRCongo|
Kisangani|DRCongo|
Kananga|DRCongo|
Kikwit|DRCongo|
Bandundu|DRCongo|
Kigali|Rwanda|
Bujumbura|Burundi|
Dodoma|Tanzania|
Mbeya|Tanzania|
Lilongwe|Malawi|
Kasane|Botswana|
Asmara|Eritrea|
Djibouti|Djibouti|
Gondar|Ethiopia|
Mekele|Ethiopia|
DireDawa|Ethiopia|
Awasa|Ethiopia|
Dessie|Ethiopia|
Gambela|Ethiopia|
Hargeisa|Somalia|
Mogadishu|Somalia|
Bosaso|Somalia|
Kalemie|DRCongo|
Moroni|Comoros|
Nampula|Mozambique|
Beira|Mozambique|
Gaborone|Botswana|
Bulawayo|Zimbabwe|
Maseru|Lesotho|
Manzini|Swaziland|
Bloemfontein|SouthAfrica|
Toliara|Madagascar|
Antisiranana|Madagascar|
SaoTome|SaoTome|
SaintHelena|UnitedKingdom|
Ascension|UnitedKingdom|
Cancun|Mexico|
Guadalajara|Mexico|
Monterrey|Mexico|
Tijuana|Mexico|
LosCabos|Mexico|
PuertoVallarta|Mexico|
Merida|Mexico|
Guanajuato|Mexico|
Culiacan|Mexico|
Hermosillo|Mexico|
Chihuahua|Mexico|
Veracruz|Mexico|
TuxtlaGutierrez|Mexico|
Villahermosa|Mexico|
CiudadJuarez|Mexico|
Mazatlan|Mexico|
Oaxaca|Mexico|
LaPazMexico|Mexico|
Queretaro|Mexico|
Huatulco|Mexico|
Aguascalientes|Mexico|
Tampico|Mexico|
Acapulco|Mexico|
Torreon|Mexico|
Morelia|Mexico|
Zihuatanejo|Mexico|
SanLuisPotosi|Mexico|
Zacatecas|Mexico|
Durango|Mexico|
Manzanillo|Mexico|
Providence|UnitedStates|
BelizeCity|Belize|
Guatemala|Guatemala|
SanSalvador|ElSalvador|
Tegucigalpa|Honduras|
SanPedroSula|Honduras|
Managua|Nicaragua|
Bluefields|Nicaragua|
PuertoLempira|Honduras|
SanJose|CostaRica|
PanamaCity|Panama|
David|Panama|
Roatan|Honduras|
SanJuan|UnitedStates|
PuntaCana|DominicanRepublic|
MontegoBay|Jamaica|
SantoDomingo|DominicanRepublic|
Nassau|Bahamas|
PortofSpain|TrinidadandTobago|
Aruba|Netherlands|
Guadeloupe|France|
Bridgetown|Barbados|
Martinique|France|
Curacao|Netherlands|
SintMaarten|Netherlands|
Kingston|Jamaica|
PortauPrince|Haiti|
SaintThomas|UnitedStates|
SantiagodelosCaballeros|DominicanRepublic|
SanAndres|Colombia|
Varadero|Cuba|
GrandCayman|UnitedKingdom|
Scarborough|TrinidadandTobago|
Antigua|AntiguaandBarbuda|
SaintLucia|StLucia|
Aguadilla|UnitedStates|
Bonaire|Netherlands|
SaintCroix|UnitedStates|
SaintKitts|StKittsandNevis|
Dominica|Dominica|
Grenada|Grenada|
SaintVincent|StVincent|
BeloHorizonte|Brazil|
Campinas|Brazil|
PortoAlegre|Brazil|
Recife|Brazil|
Salvador|Brazil|
Curitiba|Brazil|
Fortaleza|Brazil|
Florianopolis|Brazil|
Belem|Brazil|
Goiania|Brazil|
Vitoria|Brazil|
Cuiaba|Brazil|
Manaus|Brazil|
Natal|Brazil|
FozdoIguacu|Brazil|
Maceio|Brazil|
PortoSeguro|Brazil|
SaoLuis|Brazil|
Navegantes|Brazil|
CampoGrande|Brazil|
JoaoPessoa|Brazil|
Aracaju|Brazil|
Teresina|Brazil|
Uberlandia|Brazil|
Londrina|Brazil|
RibeiraoPreto|Brazil|
PortoVelho|Brazil|
Macapa|Brazil|
JuazeirodoNorte|Brazil|
Palmas|Brazil|
Santarem|Brazil|
Petrolina|Brazil|
Imperatriz|Brazil|
RioBranco|Brazil|
BoaVista|Brazil|
MontesClaros|Brazil|
FernandodeNoronha|Brazil|
Barreiras|Brazil|
AltaFloresta|Brazil|
Fuerteventura|Spain|
Cordoba|Argentina|
Mendoza|Argentina|
Bariloche|Argentina|
Salta|Argentina|
Neuquen|Argentina|
Ushuaia|Argentina|
Rosario|Argentina|
ElCalafate|Argentina|
ComodoroRivadavia|Argentina|
Tucuman|Argentina|
BahiaBlanca|Argentina|
Resistencia|Argentina|
Antofagasta|Chile|
Calama|Chile|
Iquique|Chile|
PuertoMontt|Chile|
Concepcion|Chile|
PuntaArenas|Chile|
LaSerena|Chile|
Copiapo|Chile|
Arica|Chile|
Balmaceda|Chile|
Medellin|Colombia|
Cartagena|Colombia|
Cali|Colombia|
Barranquilla|Colombia|
SantaMarta|Colombia|
Pereira|Colombia|
Bucaramanga|Colombia|
Pasto|Colombia|
Monteria|Colombia|
Quito|Ecuador|
Guayaquil|Ecuador|
Galapagos|Ecuador|
Cuenca|Ecuador|
Manta|Ecuador|
Asuncion|Paraguay|
Cusco|Peru|
Arequipa|Peru|
Iquitos|Peru|
Piura|Peru|
Tarapoto|Peru|
Trujillo|Peru|
Pucallpa|Peru|
Ayacucho|Peru|
Maracaibo|Venezuela|
Barquisimeto|Venezuela|
ValenciaCarabobo|Venezuela|
CiudadGuayana|Venezuela|
Porlamar|Venezuela|
PuertoAyacucho|Venezuela|
Georgetown|Guyana|
Paramaribo|Suriname|
LaPaz|Bolivia|
SantaCruz|Bolivia|
Sucre|Bolivia|
Cochabamba|Bolivia|
Trinidad|Bolivia|
Tarija|Bolivia|
Montevideo|Uruguay|
Rivera|Uruguay|
Falklands|UnitedKingdom|
Belitung|Indonesia|
Palu|Indonesia|
Ende|Indonesia|
Tiksi|Russia|
Resolute|Canada|
Kyzylorda|Kazakhstan|
Valletta|Malta|
Bengkulu|Indonesia|
SanJoseCalifornia|UnitedStates|
SantaAna|UnitedStates|
LondonOntario|Canada|
Sudbury|Canada|
Caen|France|
Pau|France|
Mayotte|France|
Atyrau|Kazakhstan|
Karagandy|Kazakhstan|
Aktobe|Kazakhstan|
Oskemen|Kazakhstan|
Amritsar|India|
Aizawl|India|
Tirupati|India|
Nashik|India|
Gwalior|India|
Taizhou|China|
Nantong|China|
Huizhou|China|
Yiwu|China|
Victoria|Canada|
Lihue|UnitedStates|
Sandefjord|Norway|
Podgorica|Montenegro|
